name,display_name_prefixed,title,description,subscribers,active_users,created_utc,subreddit_type,over18,quarantine,top_posts_analyzed,avg_score,avg_comments,total_engagement,top_keywords_str,primary_topics,good_for,url
AskDocs,r/AskDocs,Medical Questions,"Having a medical issue?

Ask a doctor or medical professional on Reddit! 
All flaired medical professionals on this subreddit are verified by the mods.",728209,0,1373487708.0,public,False,False,50,406.7,88.4,24753,"doctor, doctors, died, cancer, there, daughter, some, femur, every, know","cancer, oncology, chronic illness, medical advice, health","cancer support, quality of life, treatment, prevention, health, diagnosis",https://reddit.com/r/AskDocs/
nutrition,r/nutrition,Nutrition,"A subreddit for the discussion of nutrition science. Macronutrients, micronutrients, vitamins, diets, and nutrition news are among the many topics discussed.

Civil discourse is required.",5851322,0,1226889346.0,public,False,False,50,34.7,50.7,4268,"protein, food, nutrition, calories, some, best, foods, good, more, intake","nutrition, diet, food, weight loss, vitamins","immunity, energy, weight, gut, muscle, brain",https://reddit.com/r/nutrition/
Health,r/Health,Health,"Health, a science-based community to discuss human health",3588308,0,1204146177.0,public,False,False,50,369.8,35.5,20265,"health, trump, tylenol, after, autism, cancer, vaccine, insurance, risk, more","cancer, oncology, chronic illness, health, wellness","cancer support, quality of life, treatment, prevention, health, wellness",https://reddit.com/r/Health/
Fitness,r/Fitness,Fitness,"A place for the pursuit of physical fitness goals.

Please see the r/Fitness Wiki and FAQ at https://thefitness.wiki for help with common questions.",12423891,0,1210182567.0,public,False,False,50,24.1,84.2,5416,"2025, questions, thread, daily, simple, october, physique, phriday, september, story","fitness, exercise, workout","weight, muscle, energy, mental health, strength",https://reddit.com/r/Fitness/
loseit,r/loseit,loseit - Lose the Fat,"A place for people of all sizes to discuss healthy and sustainable methods of weight loss. Whether you need to lose 2 lbs or 400 lbs, you are welcome here!",4075921,0,1280408032.0,public,False,False,50,589.1,102.4,34574,"weight, losing, lost, loss, pounds, more, diet, ever, after, being","diet, nutrition, food, weight loss, fitness","weight, energy, health, gut, confidence, lifestyle",https://reddit.com/r/loseit/
GutHealth,r/GutHealth,Gut and microbiome health and research.,For research &amp; discussion about gut / microbiome health.,37227,0,1475089595.0,public,False,False,50,20.9,12.0,1645,"health, issues, learned, journey, everything, actually, year, after, diet, life","diet, nutrition, food, gut health, digestion","weight, energy, health, gut, immunity, mental health",https://reddit.com/r/GutHealth/
Supplements,r/Supplements,Supplements,"A subreddit designed for discussion of supplements and nutraceuticals; for health, performance, or any intended (or not intended) purpose. Not a place for discussion of illicit and illegal compounds.",478259,0,1204526774.0,public,False,False,50,175.9,93.4,13466,"vitamin, magnesium, creatine, brain, taking, like, supplement, feel, actually, tried","nutrition, diet, eating, sleep, rest","weight, energy, health, gut, sleep, mental health",https://reddit.com/r/Supplements/
sleep,r/sleep,Community for Better Sleep,Good sleep is essential for our health and happiness. Find and strengthen your best habits and help others improve theirs.,649976,0,1229375877.0,public,False,False,50,88.2,55.0,7162,"sleep, night, actually, hours, asleep, years, every, melatonin, fall, sleeping","strength training, fitness, muscle, sleep, rest","muscle, bone health, metabolism, confidence, sleep, mental health",https://reddit.com/r/sleep/
mentalhealth,r/mentalhealth,Mental Health,"The mental health subreddit is the central forum to discuss, vent, support and share information about mental health, illness and wellness.",574369,0,1213296354.0,public,False,False,50,212.4,79.8,14610,"feel, himself, killed, wife, personality, changed, overnight, mania, they, depressed","mental health, psychology, wellness, health, lifestyle","mental health, stress, mood, quality of life, health, wellness",https://reddit.com/r/mentalhealth/
SkincareAddiction,r/SkincareAddiction,For anything and everything having to do with skincare!,"The place for all things related to skincare, with a science-based approach.",4827396,0,1325732894.0,public,False,False,50,496.6,82.7,28967,"acne, aging, after, anti, skin, misc, skincare, routine, before, sunscreen","skincare, dermatology, beauty, acne","skin, acne, aging, confidence, inflammation",https://reddit.com/r/SkincareAddiction/
Immunology,r/Immunology,Immunology literature,"Discussion of immunology related topics. Peer review, pop science or news articles allowed. Please do not post questions asking for medical advice or espousing pseudo-science.",19928,0,1219804478.0,public,False,False,43,26.6,7.9,1480,"nobel, prize, immune, immunology, 2025, cells, medicine, tolerance, best, physiology","immunology, immune system, health, skincare, dermatology","immunity, autoimmune, inflammation, disease prevention, skin, acne",https://reddit.com/r/Immunology/
diabetes,r/diabetes,diabetes,"For humans living with diabetes: discussion, issues, and news.",149601,0,1207922976.0,public,False,False,50,127.2,51.2,8922,"diabetes, ever, first, type, take, thing, diabetics, nobody, much, time","diabetes, blood sugar, metabolic health, insulin","blood sugar, weight, energy, longevity, diabetes",https://reddit.com/r/diabetes/
HydroHomies,r/HydroHomies,HydroHomies,Stay hydrated homies.,1266037,0,1555725508.0,public,False,False,50,1716.0,78.6,89733,"water, drink, told, much, sleep, gallons, here, which, memes, find","sleep, rest, sleep health, hydration, water","sleep, mental health, energy, immunity, recovery, hydration",https://reddit.com/r/HydroHomies/
Microbiome,r/Microbiome,Microbiome,"Welcome to r/Microbiome 

This is a discussion space for the communities of microorganisms that inhabit us, animals, and the environment.

Keep in mind this is not a place for medical advice and post requesting it will be removed.",158376,0,1368410008.0,public,False,False,50,50.3,40.0,4517,"probiotics, microbiome, after, health, anxiety, years, probiotic, seed, sibo, bloating","diet, nutrition, food, microbiome, gut bacteria","weight, energy, health, gut, immunity, mental health",https://reddit.com/r/Microbiome/
ibs,r/ibs,ibs: it's a pain,ibs: it's a pain,147528,0,1283487012.0,public,False,False,50,87.0,46.3,6663,"guys, stomach, like, finally, life, ever, symptoms, years, live, feel","digestive health, gut, gastro, IBS, digestive disorders","digestion, comfort, inflammation, pain relief, quality of life, weight",https://reddit.com/r/ibs/
VitaminD,r/VitaminD,ðŸ”† Vitamin D3 ðŸ”†,Discussion of the sunshine vitamin with a focus on supplementation.,12961,0,1441839835.0,public,False,False,50,9.4,23.1,1627,"vitamin, deficiency, after, levels, level, still, symptoms, weird, supplements, month","supplements, vitamins, nutrition, brain health, cognitive function","immunity, energy, cognition, health, performance, bone health",https://reddit.com/r/VitaminD/
Nootropics,r/Nootropics,Nootropics,Research and discussion on nootropics and cognitive enhancers.,428604,0,1253846754.0,public,False,False,50,49.3,45.9,4761,"modafinil, brain, creatine, effects, sleep, mood, supplements, without, feel, like","nutrition, diet, eating, mood, mental health","weight, energy, health, gut, mood, mental health",https://reddit.com/r/Nootropics/
HealthyFood,r/HealthyFood,Discussion of food nutrition content,"This subreddit is for sharing and civil discussion of specified food, akin to /r/food but for food which may have a more healthful composition. The focus should be solely on the specified food itself. It is not for posts with context involving broad food categories, general nutrition, diet, fitness, or health concerns. There are other subreddits and professionals whose purpose suits those topics.

To ensure quality content, spam and promotion are highly restricted in this sub",3506195,0,1265205836.0,public,False,False,6,288.0,11.7,1798,"rice, choy, yogurt, chicken, broth, lemongrass, turkey, meatballs, over, lentils","nutrition, diet, food, eating, fitness","immunity, energy, weight, gut, muscle, brain",https://reddit.com/r/HealthyFood/
WeightLossAdvice,r/WeightLossAdvice,WeightLossAdvice,For healthy living.,509632,0,1397024708.0,public,False,False,50,123.1,31.1,7708,"weight, loss, lose, honestly, nothing, lost, body, more, calories, losing","food, nutrition, diet, weight loss, fitness","energy, weight, health, fitness, confidence, wellness",https://reddit.com/r/WeightLossAdvice/
Autoimmune,r/Autoimmune,Autoimmune ,"This is a space for anyone living with autoimmune conditions or those awaiting diagnosis to ask questions and share their experience with others. Everyone is welcome in this community, whether you or a loved one have a specific diagnosis, an unknown autoimmune condition, suspect autoimmunity, or anything in between. 

Before posting or commenting, please read the rules.",27852,0,1456980262.0,public,False,False,50,41.1,25.5,3328,"autoimmune, finally, rheumatologist, disease, like, symptoms, diagnosis, going, more, look","immunology, immune system, health, autoimmune, chronic illness","immunity, autoimmune, inflammation, disease prevention, pain management, quality of life",https://reddit.com/r/Autoimmune/
